day_of_month,total_score
2015-12-01,5562782
2015-12-02,5642342
2015-12-03,5607010
2015-12-04,5585360
2015-12-05,5249528
2015-12-06,5394075
2015-12-07,5746422
2015-12-08,5699408
2015-12-09,5683766
2015-12-10,5555661
2015-12-11,5595853
2015-12-12,4967098
2015-12-13,5601796
2015-12-14,5044779
2015-12-15,5511826
2015-12-16,5698490
2015-12-17,5492640
2015-12-18,5472087
2015-12-19,5098345
2015-12-20,5376004
2015-12-21,5731034
2015-12-22,5566013
2015-12-23,5497378
2015-12-24,5323059
2015-12-25,5352795
2015-12-26,4749480
2015-12-27,5131816
2015-12-28,5531812
2015-12-29,5483233
2015-12-30,5483611
2015-12-31,5035491
2016-01-01,5261872
2016-01-02,5411937
2016-01-03,5502697
2016-01-04,5738433
2016-01-05,5617829
2016-01-06,5754556
2016-01-07,5806258
2016-01-08,5516813
2016-01-09,5307508
2016-01-10,5616416
2016-01-11,6004098
2016-01-12,5896648
2016-01-13,5937215
2016-01-14,5863928
2016-01-15,5718726
2016-01-16,5162581
2016-01-17,5599637
2016-01-18,5973940
2016-01-19,5684450
2016-01-20,5719064
2016-01-21,5639273
2016-01-22,5729354
2016-01-23,5584771
2016-01-24,5914764
2016-01-25,5949021
2016-01-26,5926985
2016-01-27,5840142
2016-01-28,5698112
2016-01-29,5604906
2016-01-30,5213908
2016-01-31,5813815
2016-02-01,6179123
2016-02-02,6080531
2016-02-03,5868809
2016-02-04,5929323
2016-02-05,5688068
2016-02-06,5452310
2016-02-07,5784811
2016-02-08,6082397
2016-02-09,6199747
2016-02-10,6047731
2016-02-11,6003235
2016-02-12,5809631
2016-02-13,5513913
2016-02-14,5985351
2016-02-15,6021295
2016-02-16,6014799
2016-02-17,6072849
2016-02-18,6044975
2016-02-19,5955544
2016-02-20,5423088
2016-02-21,5904940
2016-02-22,6059042
2016-02-23,6090273
2016-02-24,6206834
2016-02-25,6259038
2016-02-26,5833939
2016-02-27,5517553
2016-02-28,5974546
2016-02-29,6178030
2016-03-01,6202441
2016-03-02,6086164
2016-03-03,5990628
2016-03-04,5890767
2016-03-05,5497813
2016-03-06,6088068
2016-03-07,6293702
2016-03-08,6084347
2016-03-09,6181499
2016-03-10,6021053
2016-03-11,5992623
2016-03-12,5405776
2016-03-13,5905174
2016-03-14,6283784
2016-03-15,6034179
2016-03-16,6403779
2016-03-17,6341562
2016-03-18,5867067
2016-03-19,5368850
2016-03-20,5921790
2016-03-21,6027468
2016-03-22,6097578
2016-03-23,5173927
2016-03-24,6252583
2016-03-25,5747774
2016-03-26,5636597
2016-03-27,6100533
2016-03-28,6261117
2016-03-29,6361929
2016-03-30,6311731
2016-03-31,6022050
2016-04-01,6635099
2016-04-02,5707226
2016-04-03,6160733
2016-04-04,6555814
2016-04-05,6504337
2016-04-06,6408290
2016-04-07,6459042
2016-04-08,6342758
2016-04-09,5805622
2016-04-10,6224873
2016-04-11,6527265
2016-04-12,6512558
2016-04-13,6447616
2016-04-14,6959190
2016-04-15,6458751
2016-04-16,5790357
2016-04-17,6374144
2016-04-18,6687485
2016-04-19,6572723
2016-04-20,6637088
2016-04-21,6498632
2016-04-22,6315242
2016-04-23,5588405
2016-04-24,6227942
2016-04-25,6626719
2016-04-26,6672683
2016-04-27,6661172
2016-04-28,6628530
2016-04-29,6535830
2016-04-30,5945392
2016-05-01,6559893
2016-05-02,6957125
2016-05-03,6862943
2016-05-04,7279993
2016-05-05,6791432
2016-05-06,6416929
2016-05-07,6049854
2016-05-08,6572769
2016-05-09,6625144
2016-05-10,6677789
2016-05-11,6677525
2016-05-12,6577086
2016-05-13,6244587
2016-05-14,5837085
2016-05-15,6433106
2016-05-16,6452441
2016-05-17,6452512
2016-05-18,6577542
2016-05-19,6726975
2016-05-20,6234114
2016-05-21,5835069
2016-05-22,6043865
2016-05-23,6791107
2016-05-24,6509678
2016-05-25,6608108
2016-05-26,6518499
2016-05-27,6138424
2016-05-28,5820441
2016-05-29,5995818
2016-05-30,6385385
2016-05-31,6433405
2016-06-01,6519264
2016-06-02,6433934
2016-06-03,6513304
2016-06-04,6028558
2016-06-05,6302201
2016-06-06,6749061
2016-06-07,6740036
2016-06-08,6672591
2016-06-09,6521427
2016-06-10,6414848
2016-06-11,5972568
2016-06-12,6988891
2016-06-13,7010899
2016-06-14,6845468
2016-06-15,7242557
2016-06-16,6886944
2016-06-17,6114468
2016-06-18,5022447
2016-06-19,5561356
2016-06-20,6570047
2016-06-21,6470597
2016-06-22,6369814
2016-06-23,6151935
2016-06-24,6405671
2016-06-25,5549389
2016-06-26,5848281
2016-06-27,6416833
2016-06-28,6091406
2016-06-29,6210140
2016-06-30,6082278
2016-07-01,6111060
2016-07-02,5654354
2016-07-03,5370833
2016-07-04,6041343
2016-07-05,6069194
2016-07-06,6085264
2016-07-07,6391124
2016-07-08,6373264
2016-07-09,5884879
2016-07-10,6275028
2016-07-11,6608685
2016-07-12,6255945
2016-07-13,6394003
2016-07-14,6417998
2016-07-15,6459952
2016-07-16,5811477
2016-07-17,6292177
2016-07-18,6639548
2016-07-19,6601304
2016-07-20,6617901
2016-07-21,6317393
2016-07-22,6587349
2016-07-23,6226280
2016-07-24,6688474
2016-07-25,7262049
2016-07-26,7095529
2016-07-27,6894641
2016-07-28,6955663
2016-07-29,6606116
2016-07-30,6121362
2016-07-31,6563056
2016-08-01,6913132
2016-08-02,7100790
2016-08-03,6902994
2016-08-04,6707054
2016-08-05,6687165
2016-08-06,6302063
2016-08-07,6544775
2016-08-08,6728657
2016-08-09,6952221
2016-08-10,7306877
2016-08-11,6417859
2016-08-12,7824728
2016-08-13,7108737
2016-08-14,7205230
2016-08-15,7453881
2016-08-16,7375568
2016-08-17,7356566
2016-08-18,7277872
2016-08-19,7105573
2016-08-20,6717654
2016-08-21,7277879
2016-08-22,7216510
2016-08-23,7262662
2016-08-24,7100196
2016-08-25,7329916
2016-08-26,7263638
2016-08-27,6512179
2016-08-28,7156966
2016-08-29,7245227
2016-08-30,7141332
2016-08-31,7127661
2016-09-01,7238985
2016-09-02,7037981
2016-09-03,6663323
2016-09-04,6929713
2016-09-05,7317258
2016-09-06,7121623
2016-09-07,7252683
2016-09-08,7493424
2016-09-09,7281371
2016-09-10,7055425
2016-09-11,7522933
2016-09-12,7769278
2016-09-13,7650732
2016-09-14,7600022
2016-09-15,7484902
2016-09-16,7369618
2016-09-17,6927557
2016-09-18,7451007
2016-09-19,7973329
2016-09-20,7742334
2016-09-21,7776583
2016-09-22,7680154
2016-09-23,7542855
2016-09-24,7125933
2016-09-25,7682032
2016-09-26,7973284
2016-09-27,8214775
2016-09-28,7815145
2016-09-29,7651393
2016-09-30,7451396
2016-10-01,7143731
2016-10-02,7794530
2016-10-03,7949156
2016-10-04,7866659
2016-10-05,7977809
2016-10-06,7860191
2016-10-07,7756706
2016-10-08,7671459
2016-10-09,7983505
2016-10-10,8965212
2016-10-11,8313486
2016-10-12,8517003
2016-10-13,8453809
2016-10-14,8261793
2016-10-15,7913274
2016-10-16,8332860
2016-10-17,8688302
2016-10-18,8795703
2016-10-19,8628275
2016-10-20,8635809
2016-10-21,8184138
2016-10-22,7589658
2016-10-23,8267762
2016-10-24,8647709
2016-10-25,8335153
2016-10-26,8572147
2016-10-27,8730742
2016-10-28,8572021
2016-10-29,8205209
2016-10-30,9083102
2016-10-31,10068273
2016-11-01,13209130
2016-11-02,12781225
2016-11-03,13254398
2016-11-04,12417102
2016-11-05,12079014
2016-11-06,13155207
2016-11-07,13950482
2016-11-08,14742448
2016-11-09,19052596
2016-11-10,13953278
2016-11-11,13770321
2016-11-12,12473926
2016-11-13,13584062
2016-11-14,13599490
2016-11-15,13069089
2016-11-16,13098490
2016-11-17,13139446
2016-11-18,12429262
2016-11-19,11617955
2016-11-20,12117860
2016-11-21,12623791
2016-11-22,12871986
2016-11-23,12112887
2016-11-24,13046888
2016-11-25,11783686
2016-11-26,12322701
2016-11-27,12532477
2016-11-28,12846021
2016-11-29,12878100
2016-11-30,14260470
2016-12-01,13374364
2016-12-02,13718530
2016-12-03,12087286
2016-12-04,13215008
2016-12-05,13631322
2016-12-06,14091884
2016-12-07,13700226
2016-12-08,13368069
2016-12-09,12322227
2016-12-10,12000783
2016-12-11,12802768
2016-12-12,13183163
2016-12-13,12535374
2016-12-14,13269124
2016-12-15,12331660
2016-12-16,12346137
2016-12-17,11798362
2016-12-18,12744338
2016-12-19,13211933
2016-12-20,12696761
2016-12-21,12754863
2016-12-22,12682531
2016-12-23,12626005
2016-12-24,12237622
2016-12-25,12361881
2016-12-26,11831309
2016-12-27,12853246
2016-12-28,12402810
2016-12-29,12273894
2016-12-30,11825627
2016-12-31,11497741
2017-01-01,13092424
2017-01-02,12808533
2017-01-03,13075847
2017-01-04,13239419
2017-01-05,13253050
2017-01-06,12912046
2017-01-07,12849647
2017-01-08,13172217
2017-01-09,13646315
2017-01-10,12569693
2017-01-11,14939285
2017-01-12,13689441
2017-01-13,13644049
2017-01-14,12909716
2017-01-15,13652398
2017-01-16,13508053
2017-01-17,13468440
2017-01-18,13768016
2017-01-19,15813315
2017-01-20,16007775
2017-01-21,14702625
2017-01-22,15270183
2017-01-23,15245528
2017-01-24,14778171
2017-01-25,15778058
2017-01-26,15091130
2017-01-27,14434337
2017-01-28,14463389
2017-01-29,16269092
2017-01-30,16560429
2017-01-31,15857722
2017-02-01,16142515
2017-02-02,15814466
2017-02-03,15419772
2017-02-04,14434785
2017-02-05,15031491
2017-02-06,16627433
2017-02-07,15588323
2017-02-08,15317322
2017-02-09,15476807
2017-02-10,14802688
2017-02-11,14153090
2017-02-12,15079845
2017-02-13,15313840
2017-02-14,15101610
2017-02-15,15493137
2017-02-16,15497572
2017-02-17,14922042
2017-02-18,14013726
2017-02-19,14632153
2017-02-20,15361432
2017-02-21,15149226
2017-02-22,15209400
2017-02-23,15363392
2017-02-24,14803119
2017-02-25,13861335
2017-02-26,14739248
2017-02-27,15135771
2017-02-28,14078840
2017-03-01,15745096
2017-03-02,15244893
2017-03-03,14680040
2017-03-04,13802857
2017-03-05,15053608
2017-03-06,15209071
2017-03-07,14849716
2017-03-08,14986556
2017-03-09,14782611
2017-03-10,15089095
2017-03-11,13760264
2017-03-12,14072180
2017-03-13,14869800
2017-03-14,15286033
2017-03-15,15298002
2017-03-16,14664258
2017-03-17,14481812
2017-03-18,13625299
2017-03-19,14982775
2017-03-20,14975066
2017-03-21,14820564
2017-03-22,14737383
2017-03-23,15237895
2017-03-24,14836891
2017-03-25,13415632
2017-03-26,14879956
2017-03-27,15181857
2017-03-28,14834163
2017-03-29,15241691
2017-03-30,14741269
2017-03-31,14489494
