day_of_month,n_posts
2016-10-01,4035
2016-10-02,4090
2016-10-03,4733
2016-10-04,5729
2016-10-05,7497
2016-10-06,4243
2016-10-07,4678
2016-10-08,6989
2016-10-09,6356
2016-10-10,13949
2016-10-11,6708
2016-10-12,6907
2016-10-13,7070
2016-10-14,7202
2016-10-15,5917
2016-10-16,5761
2016-10-17,7886
2016-10-18,10052
2016-10-19,8854
2016-10-20,12411
2016-10-21,6908
2016-10-22,5541
2016-10-23,5216
2016-10-24,7417
2016-10-25,6758
2016-10-26,7910
2016-10-27,7054
2016-10-28,13286
2016-10-29,9166
2016-10-30,8100
2016-10-31,12384
2016-11-01,10960
2016-11-02,9840
2016-11-03,10641
2016-11-04,11895
2016-11-05,9791
2016-11-06,11148
2016-11-07,13366
2016-11-08,22842
2016-11-09,50398
2016-11-10,14651
2016-11-11,11875
2016-11-12,8501
2016-11-13,7809
2016-11-14,7418
2016-11-15,7105
2016-11-16,6468
2016-11-17,5988
2016-11-18,6128
2016-11-19,5051
2016-11-20,4999
2016-11-21,4570
2016-11-22,5308
2016-11-23,5205
2016-11-24,7442
2016-11-25,4636
2016-11-26,4562
2016-11-27,4506
2016-11-28,5328
2016-11-29,5990
2016-11-30,7905
2016-12-01,10797
2016-12-02,6843
2016-12-03,5218
2016-12-04,4910
2016-12-05,4614
2016-12-06,5489
2016-12-07,6821
2016-12-08,5572
2016-12-09,5157
2016-12-10,4718
2016-12-11,4717
2016-12-12,5479
2016-12-13,5707
2016-12-14,5361
2016-12-15,5252
2016-12-16,5799
2016-12-17,4106
2016-12-18,3843
2016-12-19,6437
2016-12-20,5380
2016-12-21,4544
2016-12-22,4366
2016-12-23,3841
2016-12-24,3263
2016-12-25,2841
2016-12-26,2487
2016-12-27,3012
2016-12-28,3386
2016-12-29,3805
2016-12-30,4012
2016-12-31,3209
