total_score,day_of_month
1579025,2016-11-03
1827157,2017-02-09
1609280,2017-02-08
2066882,2016-11-07
1108231,2016-11-20
1093869,2016-12-22
1548124,2017-02-19
944827,2016-12-26
1050480,2016-11-27
1395400,2017-02-15
1483509,2017-01-22
1096214,2017-01-17
1720405,2017-01-29
1507320,2017-02-12
2127913,2016-12-01
1812116,2017-02-01
919538,2016-12-28
1096043,2016-12-17
1160777,2016-12-15
1391834,2016-11-12
1214625,2017-02-26
1619801,2016-11-05
1321404,2017-02-14
1228224,2016-12-13
1587334,2016-12-07
1519144,2017-02-17
1222182,2016-11-29
874702,2016-11-25
1585682,2017-02-10
1753407,2017-01-31
1478261,2017-02-23
1195242,2017-02-25
1556507,2017-01-24
957697,2017-01-06
1551394,2017-02-07
1320178,2016-12-19
1343766,2017-01-11
1163962,2016-11-21
1096048,2017-01-16
2796949,2016-11-08
1480281,2016-12-04
1936053,2017-01-30
1357243,2017-02-11
1576739,2017-02-04
853481,2017-01-08
910675,2017-01-04
1314325,2016-12-21
1234820,2016-12-12
1610343,2017-01-23
1666821,2017-02-13
1611796,2017-01-26
1076817,2016-12-18
1480785,2017-02-05
1203590,2016-12-11
1675073,2016-11-02
734775,2017-01-01
925082,2016-12-29
1464202,2017-01-21
2125678,2016-11-30
1482378,2017-02-16
826808,2016-12-30
1371523,2017-02-27
768347,2017-01-02
936389,2017-01-14
1733087,2016-11-11
1449824,2017-02-22
979431,2016-11-26
748135,2016-12-31
1788615,2017-02-06
1733453,2017-01-25
1293613,2016-11-16
1815264,2017-02-03
1418857,2016-12-08
1167401,2017-01-05
1073553,2016-12-10
1638354,2017-02-21
778327,2017-01-07
1614367,2017-02-20
927703,2016-12-24
1287193,2016-12-16
1100565,2016-11-19
982770,2016-11-23
851811,2017-01-03
863732,2017-01-10
1051957,2017-01-15
1417084,2016-11-15
1051618,2016-11-22
1205188,2016-11-17
1830050,2016-11-10
1234075,2016-11-18
2928157,2017-01-19
1302103,2016-12-09
1485686,2017-01-27
1472163,2016-11-13
888117,2016-12-25
1404437,2017-02-24
1775611,2016-11-06
2935107,2016-11-09
981550,2016-12-23
1687741,2016-11-04
921197,2016-12-27
1012934,2017-01-09
1878565,2017-01-20
1651174,2016-12-06
1232317,2016-12-20
1307028,2016-12-03
1205401,2016-11-28
1819118,2016-12-02
1275157,2016-11-24
1490652,2016-11-14
1000962,2017-01-13
1376418,2016-12-05
1065165,2017-01-12
1337105,2017-02-18
1450900,2017-01-28
1865111,2017-02-02
1200442,2016-12-14
1139342,2017-01-18
